Date,eq_bh,eq_sys,dd_bh,dd_sys
2008-01-02,1.0,1.0,0.0,0.0
2008-01-03,0.9880803011292346,1.001634521085322,-0.011919698870765383,0.0
2008-01-04,0.9404015056461732,1.0031055900621118,-0.0595984943538268,0.0
2008-01-07,0.9178168130489336,1.002451781627983,-0.08218318695106641,-0.0006517842594101486
2008-01-08,0.8964868255959849,1.0039228506047728,-0.10351317440401508,0.0
2008-01-09,0.902132998745295,1.0034324942791761,-0.09786700125470504,-0.0004884402474765182
2008-01-10,0.9058971141781681,1.0034324942791761,-0.0941028858218319,-0.0004884402474765182
2008-01-11,0.8776662484316186,1.0062111801242235,-0.12233375156838144,0.0
2008-01-14,0.9040150564617315,1.0065380843412877,-0.09598494353826847,0.0
2008-01-15,0.870138017565872,1.007518796992481,-0.12986198243412805,0.0
2008-01-16,0.8588456712672522,1.008336057535142,-0.1411543287327478,0.0
2008-01-17,0.8431618569636136,1.009970578620464,-0.15683814303638643,0.0
2008-01-18,0.8651191969887077,1.010787839163125,-0.13488080301129235,0.0
2008-01-22,0.8488080301129235,1.0150375939849623,-0.1511919698870765,0.0
2008-01-23,0.8688833124215809,1.014710689767898,-0.1311166875784191,-0.00032206119162636604
2008-01-24,0.8939774153074028,1.011441647597254,-0.10602258469259718,-0.0035426731078903595
2008-01-25,0.875784190715182,1.0142203334423014,-0.12421580928481801,-0.0008051529790659151
2008-01-28,0.8870765370138018,1.013729977116705,-0.11292346298619815,-0.0012882447665053531
2008-01-29,0.8889585947302384,1.0130761686825762,-0.11104140526976158,-0.0019323671497580852
2008-01-30,0.8883312421580929,1.0137299771167052,-0.11166875784190711,-0.001288244766505131
2008-01-31,0.8858218318695107,1.0147106897678984,-0.11417816813048931,-0.00032206119162592195
2008-02-01,0.9328732747804266,1.0158548545276236,-0.06712672521957341,0.0
2008-02-01,0.9328732747804266,1.0158548545276236,-0.06712672521957341,0.0
2008-02-04,0.9159347553324969,0.9974096083458847,-0.08406524466750309,-0.01815736381977129
2008-02-05,0.8764115432873275,0.9543707005884938,-0.12358845671267249,-0.060524546065904405
2008-02-06,0.8538268506900878,0.954677079625601,-0.1461731493099122,-0.06022294880942458
2008-02-07,0.8619824341279799,0.9534515634771727,-0.13801756587202008,-0.06142933783534321
2008-02-08,0.8720200752823087,0.9551366481812616,-0.12797992471769126,-0.05977055292470512
2008-02-11,0.8920953575909661,0.9554430272183686,-0.10790464240903386,-0.05946895566822552
2008-02-12,0.8877038895859474,0.9507397211772093,-0.11229611041405263,-0.06409885532386717
2008-02-13,0.9209535759096612,0.9863504669174157,-0.0790464240903388,-0.029043900788294774
2008-02-14,0.8895859473023839,0.9527554237662775,-0.11041405269761606,-0.06211461261430651
2008-02-15,0.8732747804265998,0.9352860013276857,-0.12672521957340022,-0.07931138276383265
2008-02-19,0.8670012547051443,0.9345354909751518,-0.13299874529485567,-0.0800501796000036
2008-02-20,0.883939774153074,0.9334847764816044,-0.11606022584692599,-0.08108449517064276
2008-02-21,0.8814303638644919,0.9360365116802195,-0.11856963613550808,-0.07857258592766181
2008-02-22,0.8845671267252195,0.9349857971866721,-0.11543287327478047,-0.07960690149830107
2008-02-25,0.8927227101631118,0.9336348785521112,-0.10727728983688822,-0.08093673580340854
2008-02-26,0.9071518193224593,0.9487252525554131,-0.09284818067754075,-0.06608188332517839
2008-02-27,0.9153074027603514,0.9572545943833662,-0.08469259723964861,-0.057685662359222234
2008-02-28,0.8939774153074028,0.9349470849871809,-0.10602258469259718,-0.07964500950095388
2008-02-29,0.8676286072772899,0.9073907498507167,-0.13237139272271015,-0.10677126185250463
2008-03-03,0.8626097867001254,0.9075354231207821,-0.13739021329987455,-0.10662884655624394
2008-03-03,0.8626097867001254,0.9075354231207821,-0.13739021329987455,-0.10662884655624394
2008-03-04,0.8676286072772899,0.9075354231207821,-0.13237139272271015,-0.10662884655624394
2008-03-05,0.875784190715182,0.9069565454788616,-0.12421580928481801,-0.10719868942241761
2008-03-06,0.8506900878293602,0.9097062142779838,-0.14930991217063982,-0.10449193580809268
2008-03-07,0.8519447929736512,0.9092720560465435,-0.14805520702634878,-0.10491931795772291
2008-03-10,0.8387703889585947,0.9102850919199043,-0.16122961104140532,-0.10392209294191901
2008-03-11,0.8676286072772899,0.9056540707845406,-0.13237139272271015,-0.1084808358713083
2008-03-12,0.8613550815558344,0.908693178404623,-0.1386449184441656,-0.10548916082389659
2008-03-13,0.877038895859473,0.9082590201731827,-0.12296110414052697,-0.10591654297352682
2008-03-14,0.8519447929736512,0.8822716376217326,-0.14805520702634878,-0.1314983300129109
2008-03-17,0.848180677540778,0.8842341102824736,-0.15181932245922203,-0.12956648645081703
2008-03-18,0.8820577164366374,0.8811502246727376,-0.11794228356336256,-0.13260224061982173
2008-03-19,0.8462986198243413,0.8454279182670861,-0.1537013801756587,-0.16776701464874788
2008-03-20,0.8626097867001254,0.8443531648353149,-0.13739021329987455,-0.1688249939722517
2008-03-24,0.8902132998745295,0.8408602161820582,-0.10978670012547054,-0.17226342677363937
2008-03-25,0.8927227101631118,0.8415319370769152,-0.10727728983688822,-0.17160218969644947
2008-03-26,0.8833124215809285,0.8432784114035435,-0.11668757841907151,-0.16988297329575563
2008-03-27,0.8601003764115434,0.8442188206563433,-0.13989962358845665,-0.16895724138768986
2008-03-28,0.8475533249686323,0.8446218531932574,-0.15244667503136766,-0.16856049914137605
2008-03-31,0.8569636135508156,0.844756197372229,-0.14303638644918437,-0.1684282517259379
2008-04-01,0.8927227101631118,0.8418006254348578,-0.10727728983688822,-0.17133769486557382
2008-04-01,0.8927227101631118,0.8418006254348578,-0.10727728983688822,-0.17133769486557382
2008-04-02,0.8989962358845671,0.8418006254348578,-0.10100376411543288,-0.17133769486557382
2008-04-03,0.9121706398996235,0.841262733661417,-0.08782936010037645,-0.1718671915461708
2008-04-04,0.9134253450439147,0.8427419360383792,-0.0865746549560853,-0.17041107567452884
2008-04-07,0.9065244667503136,0.8411282607180567,-0.09347553324968638,-0.17199956571632025
2008-04-08,0.8870765370138018,0.8416661524914976,-0.11292346298619815,-0.17147006903572304
2008-04-09,0.8958594730238394,0.8432798278118199,-0.10414052697616061,-0.16988157899393197
2008-04-10,0.917189460476788,0.8430108819250994,-0.08281053952321205,-0.17014632733423052
2008-04-11,0.8833124215809285,0.8443556113587014,-0.11668757841907151,-0.1688225856327379
2008-04-14,0.8676286072772899,0.8438177195852606,-0.13237139272271015,-0.16935208231333487
2008-04-15,0.8695106649937264,0.842741936038379,-0.13048933500627358,-0.17041107567452907
2008-04-16,0.9052697616060226,0.8409937877746964,-0.09473023839397743,-0.17213193988646958
2008-04-17,0.8989962358845671,0.839380112454374,-0.10100376411543288,-0.17372042992826076
2008-04-18,0.9184441656210791,0.8389766936242935,-0.08155583437892089,-0.17411755243870852
2008-04-21,0.9284818067754078,0.8381698559641323,-0.07151819322459219,-0.17491179745960406
2008-04-22,0.9040150564617315,0.8384388018508527,-0.09598494353826847,-0.1746470491193055
2008-04-23,0.9303638644918445,0.8384388018508527,-0.0696361355081555,-0.1746470491193055
2008-04-24,0.9466750313676286,0.8361527618137293,-0.05332496863237135,-0.17689741001184311
2008-04-25,0.9435382685069008,0.8361527618137293,-0.05646173149309919,-0.17689741001184311
2008-04-28,0.9366373902132998,0.8370940724172506,-0.06336260978670016,-0.17597079082079825
2008-04-29,0.9410288582183187,0.8369595994738904,-0.05897114178168128,-0.17610316499094758
2008-04-30,0.9234629861982435,0.8385732747942128,-0.07653701380175648,-0.1745146749491564
2008-05-01,0.9579673776662484,0.8370940724172506,-0.0420326223337516,-0.17597079082079825
2008-05-01,0.9579673776662484,0.8370940724172506,-0.0420326223337516,-0.17597079082079825
2008-05-02,0.9585947302383939,0.8370940724172506,-0.04140526976160608,-0.17597079082079825
2008-05-05,0.951693851944793,0.8380367459222251,-0.048306148055207054,-0.17504282999965048
2008-05-06,0.9673776662484317,0.8385754164964963,-0.03262233375156831,-0.1745125666732803
2008-05-07,0.9554579673776663,0.8395180900014706,-0.044542032622333694,-0.17358460585213253
2008-05-08,0.9598494353826852,0.8403260958628771,-0.04015056461731481,-0.17278921086257748
2008-05-09,0.9598494353826852,0.8405954311500127,-0.04015056461731481,-0.1725240791993924
2008-05-12,0.9711417816813049,0.8389794194271993,-0.02885821831869506,-0.17411486917850283
2008-05-13,0.9755332496863238,0.8374980753479538,-0.024466750313676178,-0.17557309332602078
2008-05-14,0.9880803011292346,0.8369594047736828,-0.011919698870765383,-0.17610335665239096
2008-05-15,1.0106649937264742,0.8376327429915217,0.0,-0.17544052749442818
2008-05-16,1.0163111668757843,0.8379020782786571,0.0,-0.1751753958312432
2008-05-19,1.0119196988707653,0.8387100841400638,-0.004320987654321207,-0.17438000084168803
2008-05-20,0.9868255959849436,0.8399220929321737,-0.02901234567901234,-0.17318690835735517
2008-05-21,0.9711417816813049,0.8391140870707672,-0.04444444444444451,-0.17398230334691023
2008-05-22,0.9767879548306149,0.8366900694865473,-0.03888888888888886,-0.17636848831557594
2008-05-23,0.9692597239648683,0.8383060812093605,-0.04629629629629639,-0.17477769833646561
2008-05-27,0.9868255959849436,0.8374980753479538,-0.02901234567901234,-0.17557309332602078
2008-05-28,0.9905897114178168,0.8358820636251406,-0.025308641975308688,-0.17716388330513122
2008-05-29,0.9868255959849436,0.835612728338005,-0.02901234567901234,-0.1774290149683163
2008-05-30,1.0018820577164367,0.836824737130115,-0.014197530864197616,-0.17623592248398356
2008-06-02,0.991844416562108,0.8384407488529282,-0.024074074074074026,-0.17464513250487312
2008-06-02,0.991844416562108,0.8384407488529282,-0.024074074074074026,-0.17464513250487312
2008-06-03,0.9774153074027604,0.8384407488529282,-0.03827160493827164,-0.17464513250487312
2008-06-04,0.993099121706399,0.8381718023416681,-0.022839506172839585,-0.1749098814599639
2008-06-05,1.00564617314931,0.8370960162966282,-0.01049382716049374,-0.1759688772803265
2008-06-06,0.991844416562108,0.838171802341668,-0.024074074074074026,-0.174909881459964
2008-06-09,0.9711417816813049,0.8340031314171387,-0.04444444444444451,-0.17901349026386915
2008-06-10,0.951693851944793,0.8319860325826889,-0.06358024691358033,-0.18099910742704917
2008-06-11,0.9215809284818067,0.8334652383946187,-0.09320987654321,-0.17954298817405046
2008-06-12,0.9253450439146801,0.8294310407257194,-0.08950617283950624,-0.18351422250041027
2008-06-13,0.9491844416562109,0.8302378802594993,-0.06604938271604943,-0.1827199756351382
2008-06-16,0.9680050188205772,0.8307757732820191,-0.04753086419753094,-0.182190477724957
2008-06-17,0.9548306148055208,0.8323894523495788,-0.060493827160493785,-0.18060198399441307
2008-06-18,0.9335006273525722,0.8331962918833589,-0.08148148148148149,-0.179807737129141
2008-06-19,0.9579673776662484,0.8315826128157991,-0.05740740740740746,-0.18139623085968493
2008-06-20,0.9366373902132998,0.8330618186277289,-0.07839506172839517,-0.17994011160668633
2008-06-23,0.924090338770389,0.832254979093949,-0.09074074074074068,-0.1807343584719584
2008-06-23,,0.832254979093949,,-0.1807343584719584
2008-06-24,0.9284818067754078,0.8337341849058788,-0.0864197530864198,-0.1792782392189597
2008-06-25,0.9447929736511921,0.8344065511840286,-0.0703703703703703,-0.17861636683123316
2008-06-26,0.9027603513174405,0.8368270697853682,-0.11172839506172838,-0.17623362623541716
2008-06-27,0.8964868255959849,0.8372304895522583,-0.11790123456790136,-0.17583650280278107
2008-06-30,0.8877038895859474,0.8376339093191482,-0.12654320987654322,-0.1754393793701452
2008-07-01,0.8845671267252195,0.8374994360635183,-0.12962962962962976,-0.17557175384769041
2008-07-01,0.8845671267252195,0.8374994360635183,-0.12962962962962976,-0.17557175384769041
2008-07-02,0.8632371392722711,0.8374994360635183,-0.15061728395061724,-0.17557175384769041
2008-07-03,0.8387703889585947,0.838978641875448,-0.1746913580246915,-0.17411563459469181
2008-07-07,0.8437892095357591,0.839516534897968,-0.16975308641975317,-0.1735861366845105
2008-07-08,0.8488080301129235,0.8396510081535978,-0.16481481481481486,-0.1734537622069653
2008-07-09,0.8143036386449185,0.8409957407098977,-0.1987654320987654,-0.17213001743151202
2008-07-10,0.8262233375156839,0.8400544279204878,-0.187037037037037,-0.1730566387743293
2008-07-11,0.823086574654956,0.8383062755972981,-0.19012345679012355,-0.17477750698241856
2008-07-14,0.8130489335006275,0.8401889011761177,-0.19999999999999996,-0.1729242642967841
2008-07-15,0.8212045169385195,0.8413991604767874,-0.19197530864197532,-0.17173289399887615
2008-07-16,0.8475533249686323,0.8405923209430075,-0.16604938271604952,-0.17252714086414822
2008-07-17,0.8657465495608533,0.8393820616423378,-0.14814814814814814,-0.17371851116205606
2008-07-18,0.8619824341279799,0.8379028558304079,-0.1518518518518519,-0.17517463041505477
2008-07-21,0.8544542032622333,0.8383062755972979,-0.15925925925925943,-0.17477750698241878
2008-07-22,0.8281053952321205,0.837499436063518,-0.18518518518518523,-0.17557175384769075
2008-07-23,0.8356336260978671,0.837096016296628,-0.1777777777777778,-0.17596887728032673
2008-07-24,0.7961104140526976,0.8395165348979676,-0.21666666666666679,-0.17358613668451084
2008-07-25,0.8036386449184442,0.8384407488529279,-0.20925925925925937,-0.17464513250487346
2008-07-28,0.7904642409033877,0.8400544279204877,-0.2222222222222222,-0.17305663877432942
2008-07-29,0.8111668757841908,0.8393820616423379,-0.20185185185185184,-0.17371851116205594
2008-07-30,0.8174404015056461,0.8396510081535977,-0.19567901234567908,-0.1734537622069654
2008-07-31,0.814930991217064,0.8412646872211575,-0.19814814814814818,-0.17186526847642136
2008-08-01,0.8074027603513174,0.8412646872211575,-0.2055555555555556,-0.17186526847642136
2008-08-01,0.8074027603513174,0.8412646872211575,-0.2055555555555556,-0.17186526847642136
2008-08-04,0.8086574654956086,0.8411302569419595,-0.20432098765432105,-0.17199760064828518
2008-08-05,0.8287327478042661,0.8407269661043655,-0.1845679012345679,-0.17239459716387662
2008-08-06,0.8393977415307403,0.8408613963835634,-0.17407407407407405,-0.17226226499201291
2008-08-07,0.8475533249686323,0.8426089900131375,-0.16604938271604952,-0.17054194675778367
2008-08-08,0.8651191969887077,0.8419368386171475,-0.14876543209876547,-0.17120360761710252
2008-08-11,0.8833124215809285,0.8408613963835634,-0.1308641975308643,-0.17226226499201291
2008-08-12,0.8814303638644919,0.8423401294547415,-0.13271604938271608,-0.1708066111015113
2008-08-13,0.8858218318695107,0.8422056991755434,-0.1283950617283951,-0.1709389432733751
2008-08-14,0.8952321204516939,0.8424745597339395,-0.1191358024691358,-0.17067427892964748
2008-08-15,0.8989962358845671,0.8431467111299296,-0.11543209876543215,-0.17001261807032853
2008-08-18,0.8877038895859474,0.8438188625259196,-0.12654320987654322,-0.16935095721100957
2008-08-19,0.8707653701380177,0.8444910139219097,-0.14320987654320982,-0.1686892963516906
2008-08-20,0.8688833124215809,0.8455664561554938,-0.14506172839506182,-0.16763063897678043
2008-08-21,0.8638644918444166,0.8448943047595038,-0.15000000000000002,-0.16829229983609928
2008-08-22,0.8745294855708908,0.8432811414091276,-0.13950617283950628,-0.1698802858984647
2008-08-25,0.8607277289836889,0.8447598744803058,-0.15308641975308646,-0.16842463200796298
2008-08-26,0.8531994981179423,0.8444910139219097,-0.16049382716049387,-0.1686892963516906
2008-08-27,0.8619824341279799,0.8450287350387017,-0.1518518518518519,-0.16815996766423558
2008-08-28,0.870138017565872,0.8446254442011076,-0.14382716049382727,-0.1685569641798269
2008-08-29,0.8506900878293602,0.8450287350387018,-0.16296296296296298,-0.16815996766423547
2008-09-02,0.8375156838143036,0.8461041772722858,-0.17592592592592604,-0.16710131028932518
2008-09-02,0.8375156838143036,0.8461041772722858,-0.17592592592592604,-0.16710131028932518
2008-09-03,0.7992471769134254,0.8461041772722858,-0.21358024691358024,-0.16710131028932518
2008-09-04,0.7747804265997491,0.8466417275755083,-0.23765432098765438,-0.16657214974948376
2008-09-05,0.7848180677540778,0.8462385648480913,-0.22777777777777786,-0.16696902015436488
2008-09-08,0.7804265997490589,0.8458354021206744,-0.23209876543209884,-0.1673658905592461
2008-09-09,0.7496863237139272,0.8471792778787308,-0.26234567901234573,-0.1660429892096421
2008-09-10,0.7547051442910916,0.8474480530303421,-0.2574074074074074,-0.1657784089397213
2008-09-11,0.7547051442910916,0.8470448903029252,-0.2574074074074074,-0.16617527934460252
2008-09-12,0.7559598494353827,0.8471792778787307,-0.25617283950617287,-0.16604298920964222
2008-09-15,0.726474278544542,0.8532267187899844,-0.2851851851851852,-0.16008993313642428
2008-09-16,0.7340025094102886,0.8516140678803167,-0.2777777777777779,-0.1616774147559491
2008-09-17,0.7095357590966124,0.8557800827302915,-0.3018518518518518,-0.15757642057217658
2008-09-18,0.7452948557089085,0.8529579436383731,-0.2666666666666666,-0.1603545134063451
2008-09-19,0.7628607277289837,0.8482543784851758,-0.24938271604938278,-0.16498466812995904
2008-09-22,0.7283563362609786,0.8487919287883984,-0.28333333333333344,-0.1644555075901174
2008-09-23,0.7170639899623589,0.8494638666674266,-0.2944444444444445,-0.16379405691531534
2008-09-24,0.7245922208281055,0.8512109051528998,-0.287037037037037,-0.16207428516083022
2008-09-25,0.7346298619824342,0.8497326418190377,-0.27716049382716046,-0.16352947664539474
2008-09-26,0.739021329987453,0.8497326418190377,-0.2728395061728396,-0.16352947664539474
2008-09-29,0.6762860727728983,0.8545705945480407,-0.33456790123456803,-0.15876703178682017
2008-09-30,0.7026348808030113,0.8512109051528998,-0.308641975308642,-0.16207428516083022
2008-10-01,0.698870765370138,0.8538986566690123,-0.31234567901234567,-0.15942848246162244
2008-10-01,0.698870765370138,0.8538986566690123,-0.31234567901234567,-0.15942848246162244
2008-10-02,0.6568381430363865,0.8538986566690123,-0.35370370370370363,-0.15942848246162244
2008-10-03,0.6493099121706399,0.8561782228064768,-0.36111111111111116,-0.15718449442799287
2008-10-06,0.6273525721455459,0.8579214204410084,-0.3827160493827161,-0.15546850357874686
2008-10-07,0.5865746549560853,0.858189604692475,-0.4228395061728396,-0.15520450498655491
2008-10-08,0.5846925972396487,0.8544350251719454,-0.4246913580246914,-0.15890048527723877
2008-10-09,0.57465495608532,0.8549713936748782,-0.4345679012345679,-0.15837248809285542
2008-10-10,0.567754077791719,0.8563123149322103,-0.441358024691358,-0.15705249513189679
2008-10-13,0.6198243412797994,0.8525577354116807,-0.3901234567901234,-0.16074847542258064
2008-10-14,0.5941028858218319,0.8528259196631471,-0.4154320987654321,-0.1604844768303889
2008-10-15,0.5388958594730239,0.8556418543035443,-0.4697530864197531,-0.157712491612376
2008-10-16,0.5652446675031367,0.8551054858006115,-0.4438271604938272,-0.15824048879675945
2008-10-17,0.5564617314930991,0.8557759464292775,-0.45246913580246917,-0.15758049231628024
2008-10-20,0.5727728983688833,0.8551054858006115,-0.4364197530864198,-0.15824048879675945
2008-10-21,0.5457967377666249,0.856848683435143,-0.462962962962963,-0.15652449794751344
2008-10-22,0.5238393977415308,0.8580555125667417,-0.48456790123456794,-0.1553365042826509
2008-10-23,0.5125470514429109,0.8575191440638089,-0.495679012345679,-0.15586450146703423
2008-10-24,0.5119196988707654,0.8583236968182082,-0.49629629629629635,-0.15507250569045905
2008-10-27,0.5112923462986199,0.8561782228064769,-0.49691358024691357,-0.15718449442799276
2008-10-28,0.5570890840652447,0.8571168676866093,-0.45185185185185184,-0.15626049935532182
2008-10-29,0.5476787954830615,0.857653236189542,-0.46111111111111114,-0.15573250217093848
2008-10-30,0.5715181932245922,0.8583236968182081,-0.43765432098765444,-0.15507250569045916
2008-10-31,0.5790464240903388,0.8587259731954077,-0.4302469135802469,-0.15467650780217168
2008-11-03,0.5777917189460477,0.8603350787042059,-0.43148148148148147,-0.15309251624902165
2008-11-03,0.5777917189460477,0.8603350787042059,-0.43148148148148147,-0.15309251624902165
2008-11-04,0.5991217063989963,0.8603350787042059,-0.41049382716049376,-0.15309251624902165
2008-11-05,0.567754077791719,0.8619446859609022,-0.441358024691358,-0.15150803077895436
2008-11-06,0.5250941028858218,0.8622129538370182,-0.4833333333333334,-0.15124394986727652
2008-11-07,0.5363864491844417,0.8606033465803218,-0.4722222222222222,-0.15282843533734392
2008-11-10,0.520702634880803,0.8632860253414824,-0.4876543209876544,-0.15018762622056503
2008-11-11,0.5094102885821832,0.8639566950317725,-0.49876543209876545,-0.1495274239413703
2008-11-12,0.48431618569636137,0.865298034412353,-0.5234567901234568,-0.14820701938298075
2008-11-13,0.5156838143036387,0.8631518914034243,-0.4925925925925926,-0.15031966667640406
2008-11-14,0.4799247176913426,0.8628836235273083,-0.5277777777777777,-0.1505837475880819
2008-11-17,0.46737766624843163,0.8644932307840048,-0.5401234567901234,-0.1489992621180145
2008-11-18,0.45671267252195735,0.8654321683504109,-0.5506172839506174,-0.14807497892714194
2008-11-19,0.4228356336260979,0.8666393737929332,-0.5839506172839506,-0.14688661482459142
2008-11-20,0.40526976160602257,0.8682489810496296,-0.6012345679012345,-0.14530212935452413
2008-11-21,0.424090338770389,0.8667735077309913,-0.582716049382716,-0.1467545743687524
2008-11-24,0.4498117942283563,0.8646273647220627,-0.5574074074074075,-0.1488672216621756
2008-11-25,0.44479297365119197,0.8654321683504109,-0.5623456790123458,-0.14807497892714194
2008-11-26,0.4749058971141782,0.8679807131735134,-0.5327160493827161,-0.1455662102662021
2008-11-28,0.4692597239648683,0.8685172489257456,-0.5382716049382716,-0.1450380484428463
2008-12-01,0.43350062735257217,0.869992722244384,-0.5734567901234568,-0.14358560342861781
2008-12-01,0.43350062735257217,0.869992722244384,-0.5734567901234568,-0.14358560342861781
2008-12-02,0.4410288582183187,0.869992722244384,-0.5660493827160493,-0.14358560342861781
2008-12-03,0.4623588456712673,0.8706634953532849,-0.5450617283950617,-0.14292529934490805
2008-12-04,0.4366373902132999,0.8709318045968452,-0.5703703703703704,-0.14266117771142428
2008-12-05,0.4523212045169385,0.8698585676226038,-0.5549382716049382,-0.1437176642453597
2008-12-08,0.45922208281053956,0.8686511760265823,-0.5481481481481482,-0.14490621159603712
2008-12-09,0.4799247176913426,0.8713342684621858,-0.5277777777777777,-0.1422649952611985
2008-12-10,0.4887076537013802,0.8702610314879444,-0.5191358024691358,-0.14332148179513382
2008-12-11,0.4774153074027604,0.8722733508146467,-0.5302469135802469,-0.1413405695440052
2008-12-12,0.5018820577164367,0.8726758146799872,-0.5061728395061729,-0.14094438709377943
2008-12-15,0.49372647427854455,0.873346587788888,-0.5141975308641975,-0.1402840830100699
2008-12-16,0.5200752823086574,0.8737490516542286,-0.4882716049382717,-0.13988790055984401
2008-12-17,0.5250941028858218,0.8718708869493063,-0.4833333333333334,-0.14173675199423097
2008-12-18,0.493099121706399,0.8722733508146469,-0.5148148148148148,-0.1413405695440051
2008-12-19,0.5043914680050188,0.8714684230839658,-0.5037037037037038,-0.14213293444445674
2008-12-22,0.48494353826850695,0.8698585676226039,-0.5228395061728395,-0.1437176642453596
2008-12-22,,0.8698585676226039,,-0.1437176642453596
2008-12-23,0.47051442910915936,0.8699927222443841,-0.537037037037037,-0.1435856034286177
2008-12-24,0.4761606022584693,0.8702610314879445,-0.5314814814814814,-0.1433214817951337
2008-12-26,0.47302383939774156,0.8712001138404055,-0.5345679012345679,-0.1423970560779405
2008-12-29,0.47051442910915936,0.8712001138404055,-0.537037037037037,-0.1423970560779405
2008-12-29,0.47051442910915936,0.8712001138404055,-0.537037037037037,-0.1423970560779405
2008-12-30,0.4918444165621079,0.8720031866139563,-0.5160493827160494,-0.14160651718355854
2008-12-31,0.49623588456712675,0.8716016502271808,-0.5117283950617284,-0.14200178663074958
2009-01-02,0.5194479297365119,0.8669170590481341,-0.48888888888888893,-0.14661326351464465
2009-01-05,0.5188205771643664,0.8686570500574945,-0.48950617283950626,-0.14490042924348345
2009-01-06,0.547051442910916,0.8690585864442698,-0.46172839506172836,-0.14450515979629253
2009-01-07,0.5213299874529486,0.8685232045952359,-0.48703703703703705,-0.1450321857258805
2009-01-08,0.520702634880803,0.8686570500574945,-0.4876543209876544,-0.14490042924348345
2009-01-09,0.5025094102885822,0.8693262773687869,-0.5055555555555555,-0.14424164683149843
2009-01-12,0.4868255959849435,0.8694601228310452,-0.5209876543209877,-0.1441098903491016
2009-01-13,0.4874529485570891,0.8695939682933037,-0.5203703703703704,-0.14397813386670455
2009-01-14,0.46800501882057716,0.8706647319913714,-0.5395061728395062,-0.1429240820075287
2009-01-15,0.4767879548306148,0.8697278137555622,-0.5308641975308642,-0.1438463773843076
2009-01-16,0.49623588456712675,0.8701293501423377,-0.5117283950617284,-0.14345110793711646
2009-01-20,0.4629861982434128,0.870530886529113,-0.5444444444444445,-0.14305583848992554
2009-01-21,0.4742785445420326,0.8691924319065282,-0.5333333333333334,-0.1443734033138957
2009-01-22,0.4623588456712673,0.8695939682933036,-0.5450617283950617,-0.14397813386670466
2009-01-23,0.48243412797992474,0.869460122831045,-0.5253086419753086,-0.14410989034910182
2009-01-26,0.486198243412798,0.868255513670719,-0.521604938271605,-0.1452956986906746
2009-01-27,0.5018820577164367,0.8691924319065282,-0.5061728395061729,-0.1443734033138957
2009-01-28,0.5194479297365119,0.8689247409820113,-0.48888888888888893,-0.14463691627868958
2009-01-29,0.493099121706399,0.8671847499726513,-0.5148148148148148,-0.14634975054985044
2009-01-30,0.48306148055207027,0.8677201318216851,-0.5246913580246915,-0.14582272462026258
2009-02-02,0.4887076537013802,0.8677201318216851,-0.5191358024691358,-0.14582272462026258
2009-02-02,0.4887076537013802,0.8677201318216851,-0.5191358024691358,-0.14582272462026258
2009-02-03,0.4968632371392723,0.8667840798995472,-0.5111111111111111,-0.1467441672042753
2009-02-04,0.5031367628607277,0.8653131411647593,-0.5049382716049383,-0.14819214840772377
2009-02-05,0.5238393977415308,0.8655805845710846,-0.48456790123456794,-0.14792887909800578
2009-02-06,0.5432873274780426,0.8650456977584343,-0.4654320987654321,-0.14845541771744164
2009-02-09,0.5401505646173149,0.8647782543521093,-0.46851851851851856,-0.1487186870271595
2009-02-10,0.5150564617314932,0.8667840798995471,-0.4932098765432098,-0.1467441672042754
2009-02-11,0.5056461731493099,0.8665166364932221,-0.5024691358024691,-0.14700743651399328
2009-02-12,0.5125470514429109,0.8675864101185222,-0.495679012345679,-0.1459543592751218
2009-02-13,0.520702634880803,0.8658480279774093,-0.4876543209876544,-0.14766560978828813
2009-02-17,0.48557089084065247,0.8681212969311723,-0.5222222222222223,-0.14542782065568605
2009-02-18,0.486198243412798,0.8667840798995469,-0.521604938271605,-0.14674416720427563
2009-02-19,0.4629861982434128,0.8663829147900595,-0.5444444444444445,-0.14713907116885228
2009-02-20,0.46612296110414053,0.8671852450090345,-0.5413580246913581,-0.14634926323969877
2009-02-23,0.44604767879548307,0.8670515233058721,-0.5611111111111111,-0.14648089789455765
2009-02-24,0.4692597239648683,0.8663829147900595,-0.5382716049382716,-0.14713907116885228
2009-02-25,0.48243412797992474,0.864778254352109,-0.5253086419753086,-0.14871868702715985
2009-02-26,0.4780426599749059,0.8651794194615966,-0.5296296296296297,-0.14832378306258298
2009-02-27,0.4755332496863237,0.8657143062742466,-0.5320987654320988,-0.14779724444314724
2009-03-02,0.4504391468005019,0.867586410118522,-0.5567901234567901,-0.14595435927512201
2009-03-02,0.4504391468005019,0.867586410118522,-0.5567901234567901,-0.14595435927512201
2009-03-03,0.45671267252195735,0.867586410118522,-0.5506172839506174,-0.14595435927512201
2009-03-04,0.4767879548306148,0.8666496362683247,-0.5308641975308642,-0.14687651251977318
2009-03-05,0.47051442910915936,0.8677202349542645,-0.537037037037037,-0.14582262309731464
2009-03-06,0.4648682559598495,0.8670511107755521,-0.5425925925925925,-0.14648130398635129
2009-03-09,0.45545796737766625,0.8662481617610971,-0.5518518518518518,-0.1472717210531953
2009-03-10,0.4912170639899624,0.8657128624181271,-0.5166666666666666,-0.14779866576442469
2009-03-11,0.5037641154328732,0.8661143369253544,-0.5043209876543211,-0.1474034572310028
2009-03-12,0.5250941028858218,0.8665158114325819,-0.4833333333333334,-0.14700824869758078
2009-03-13,0.5307402760351319,0.8671849356112943,-0.47777777777777775,-0.14634956780854425
2009-03-16,0.5144291091593475,0.8659805120896118,-0.49382716049382724,-0.14753519340881027
2009-03-17,0.534504391468005,0.8658466872538694,-0.4740740740740741,-0.14766692958661753
2009-03-18,0.5520702634880804,0.8691923081474314,-0.45679012345679004,-0.14437352514143453
2009-03-19,0.5508155583437891,0.8681217094614916,-0.4580246913580248,-0.14542741456389308
2009-03-20,0.5288582183186951,0.8691923081474314,-0.47962962962962974,-0.14437352514143453
2009-03-23,0.5627352572145546,0.8683893591329765,-0.4462962962962963,-0.14516394220827844
2009-03-24,0.5464240903387705,0.8673187604470367,-0.4623456790123456,-0.14621783163073698
2009-03-25,0.5501882057716436,0.8670511107755519,-0.45864197530864204,-0.1464813039863515
2009-03-26,0.5771643663739021,0.8682555342972341,-0.4320987654320988,-0.1452956783860857
2009-03-27,0.5671267252195734,0.8686570088044616,-0.4419753086419753,-0.1449004698526637
2009-03-30,0.5432873274780426,0.8694599578189165,-0.4654320987654321,-0.1441100527858198
2009-03-31,0.5445420326223338,0.870664381340599,-0.46419753086419757,-0.14292442718555376
2009-04-01,0.553952321204517,0.8705305565048564,-0.45493827160493827,-0.14305616336336113
2009-04-01,0.553952321204517,0.8705305565048564,-0.45493827160493827,-0.14305616336336113
2009-04-02,0.5765370138017566,0.8705305565048564,-0.43271604938271613,-0.14305616336336113
2009-04-03,0.5941028858218319,0.8685197837380606,-0.4154320987654321,-0.1450355531923646
2009-04-06,0.5834378920953577,0.8691900413269926,-0.42592592592592593,-0.14437575658269675
2009-04-07,0.5621079046424091,0.8694581443625653,-0.4469135802469135,-0.14411183793882965
2009-04-08,0.57465495608532,0.8694581443625653,-0.4345679012345679,-0.14411183793882965
2009-04-09,0.5991217063989963,0.8683857322202742,-0.41049382716049376,-0.14516751251429827
2009-04-13,0.5928481806775407,0.8701284019514972,-0.41666666666666674,-0.1434520413291619
2009-04-14,0.5947302383939774,0.8707986595404291,-0.41481481481481486,-0.14279224471949403
2009-04-15,0.5834378920953577,0.8712008140937884,-0.42592592592592593,-0.14239636675369327
2009-04-16,0.6072772898368883,0.869994350433711,-0.4024691358024691,-0.14358400065109522
2009-04-17,0.6079046424090339,0.8690559898092061,-0.4018518518518519,-0.1445077159046304
2009-04-20,0.5796737766624843,0.8698602989159244,-0.4296296296296297,-0.143715959973029
2009-04-21,0.5784190715181933,0.8699943504337109,-0.43086419753086425,-0.14358400065109533
2009-04-22,0.5959849435382685,0.8699943504337109,-0.4135802469135803,-0.14358400065109533
2009-04-23,0.5922208281053952,0.8693240928447787,-0.41728395061728396,-0.14424379726076342
2009-04-24,0.6003764115432874,0.8693240928447787,-0.4092592592592593,-0.14424379726076342
2009-04-27,0.5966122961104141,0.8703965049870702,-0.412962962962963,-0.14318812268529446
2009-04-28,0.5865746549560853,0.8695921958803517,-0.4228395061728396,-0.1439798786168961
2009-04-29,0.5972396486825596,0.8699943504337109,-0.41234567901234565,-0.14358400065109533
2009-04-30,0.6122961104140527,0.8706646080226429,-0.3975308641975309,-0.14292420404142747
2009-05-01,0.6141781681304893,0.8701284019514972,-0.39567901234567904,-0.1434520413291619
2009-05-01,0.6141781681304893,0.8701284019514972,-0.39567901234567904,-0.1434520413291619
2009-05-04,0.6430363864491845,0.8701284019514972,-0.3672839506172839,-0.1434520413291619
2009-05-05,0.636762860727729,0.8698602162828422,-0.3734567901234568,-0.14371604131642357
2009-05-06,0.6411543287327479,0.8703965876201523,-0.3691358024691357,-0.1431880413419001
2009-05-07,0.6066499372647428,0.8691897521112042,-0.40308641975308646,-0.14437604128457826
2009-05-08,0.5878293601003763,0.869860216282842,-0.42160493827160506,-0.14371604131642368
2009-05-11,0.5903387703889587,0.8712011446261175,-0.41913580246913573,-0.14239604138011486
2009-05-12,0.5759096612296111,0.8712011446261175,-0.43333333333333335,-0.14239604138011486
2009-05-13,0.5602258469259724,0.8716034231291002,-0.4487654320987654,-0.14200004139922218
2009-05-14,0.5740276035131744,0.8718716087977554,-0.43518518518518523,-0.1417360414119604
2009-05-15,0.5671267252195734,0.871737515963428,-0.4419753086419753,-0.14186804140559106
2009-05-18,0.5865746549560853,0.8709329589574626,-0.4228395061728396,-0.14266004136737653
2009-05-19,0.5997490589711418,0.8714693302947727,-0.40987654320987654,-0.14213204139285307
2009-05-20,0.6060225846925973,0.8726761658037206,-0.4037037037037037,-0.14094404145017503
2009-05-21,0.5941028858218319,0.8714693302947726,-0.4154320987654321,-0.14213204139285318
2009-05-22,0.5941028858218319,0.8717375159634279,-0.4154320987654321,-0.14186804140559117
2009-05-26,0.6141781681304893,0.8705306804544798,-0.39567901234567904,-0.14305604134826932
2009-05-27,0.622961104140527,0.8703965876201522,-0.38703703703703707,-0.14318804134190022
2009-05-28,0.6342534504391468,0.8702624947858247,-0.375925925925926,-0.143320041335531
2009-05-29,0.636762860727729,0.8714693302947725,-0.3734567901234568,-0.1421320413928533
2009-06-01,0.6706398996235885,0.8707988661231347,-0.34012345679012346,-0.14279204136100765
2009-06-01,0.6706398996235885,0.8707988661231347,-0.34012345679012346,-0.14279204136100765
2009-06-02,0.6530740276035132,0.8707988661231347,-0.3574074074074074,-0.14279204136100765
2009-06-03,0.6411543287327479,0.8724087238328063,-0.3691358024691357,-0.1412073093468853
2009-06-04,0.6549560853199498,0.8716037949779706,-0.3555555555555556,-0.14199967535394642
2009-06-05,0.6442910915934755,0.8658351381849811,-0.3660493827160495,-0.14767829840455127
2009-06-08,0.644918444165621,0.8635545064296132,-0.36543209876543215,-0.14992333542455794
2009-06-09,0.6744040150564617,0.8655668285667023,-0.3364197530864198,-0.1479424204069053
2009-06-10,0.6762860727728983,0.8654326737575632,-0.33456790123456803,-0.148074481408082
2009-06-11,0.6725219573400252,0.8655668285667023,-0.3382716049382716,-0.1479424204069053
2009-06-12,0.663111668757842,0.8665059122306775,-0.3475308641975309,-0.14701799339866706
2009-06-15,0.656210790464241,0.8670425314672346,-0.35432098765432096,-0.14648974939395965
2009-06-16,0.642409033877039,0.8679816151312097,-0.36790123456790125,-0.14556532238572162
2009-06-17,0.6511919698870766,0.8689206987951847,-0.3592592592592593,-0.1446408953774836
2009-06-18,0.6392722710163111,0.8675791507037919,-0.3709876543209878,-0.14596150538925212
2009-06-19,0.6461731493099122,0.8679816151312099,-0.3641975308641976,-0.1455653223857215
2009-06-22,0.622961104140527,0.8691890084134636,-0.38703703703703707,-0.14437677337512966
2009-06-22,,0.8691890084134636,,-0.14437677337512966
2009-06-23,0.6179422835633626,0.8691890084134636,-0.3919753086419754,-0.14437677337512966
2009-06-24,0.6311166875784191,0.8690548536043242,-0.3790123456790123,-0.14450883437630657
2009-06-25,0.6442910915934755,0.8707988661231348,-0.3660493827160495,-0.14279204136100754
2009-06-26,0.6430363864491845,0.8712013305505527,-0.3672839506172839,-0.14239585835747703
2009-06-29,0.6430363864491845,0.8712013305505527,-0.3672839506172839,-0.14239585835747703
